アイデア,アイデア,  idea ,Noun
アクセント,アクセント,  accent  ,Noun
アンテナ,アンテナ,  antenna ,Noun
イコール,イコール,  equal ,Naadjective
いつの間にか,いつのまにか,  before one knows; before one becomes aware of; unnoticed,Adverb
インタビュー,インタビュー,  interview  ,Noun
ウーマン,ウーマン,  woman  ,Noun
ウール,ウール,  wool  ,Noun
ウェイトレス,ウェイトレス,  waitress ,Noun
うっかり,うっかり,  carelessly; thoughtlessly; inadvertently  ,Adverb
うろうろ,うろうろ,  loiteringly; aimless wandering; restlessly  ,Adverb
うんと,うんと,  a great deal; very much; a lot  ,Adverb
エチケット,エチケット,  etiquetteエチケット: gai1; ichi,Noun
エプロン,エプロン,  apron  エプロン: gai,Noun
オーケストラ,オーケストラ,  orchestra  オーケストラ: gai1; ichi,Noun
オートメーション,オートメーション,  automation  オートメーション: gai1; ichi,Noun
オーバコート,オーバコート,  overcoat ,Noun
オイル,オイル,  oil; engine oil; kerosene,Noun
オルガン,オルガン,  organ  ,Noun
お代わり,おかわり,  second helping; another cup; seconds  ,Noun
お先に,おさきに,  before; previously ,Adverb
おやつ,おやつ,  between-meal snack  ,Noun
お出掛け,おでかけ,  about to start out; just about to leave or go out ; Polite ,Noun
お参り,おまいり,  worship; shrine visit ,Noun
お大事に,おだいじに,  take care of yourself; get well soon; God bless you,Expression
お帰り,おかえり,  return  ,Noun
お待たせしました,おまたせしました,  Thank you for waiting; Have I kept you waiting?,Expression
お待ち遠様,おまちどおさま,  I'm sorry to have kept you waiting ,Expression
お手伝いさん,おてつだいさん,  maid,Noun
おかけください,おかけください,  please sit down; please have a seat  ,Expression
おはよう,おはよう, good morning  ,
お気の毒に,おきのどくに,  my sympathies; that's too bad; my condolences,Expression
おしゃれ,おしゃれ,  smartly dressed; stylish; fashion-conscious,Naadjective
おめでたい,おめでたい,  special; auspicious; happy ,Noun
おかず,おかず,  side dish; okazu; side dish  accompanying the rice in a typical Japanese meal  ,Noun
お辞儀,おじぎ,  bow; bowing ; ,Noun
お邪魔します,おじゃまします,  excuse me for disturbing  you; greeting used when entering someone's home ,Expression
お陰様で,おかげさまで,   thank you; thanks to you; fortunately,Expression
お願いします,おねがいします,  please  ,Expression
カーブ,カーブ,  curve; turn ,Noun
カセット,カセット,  cassette  ,Noun
カバー,カバー,  cover ; coverage  ,Noun
ガム,ガム,  chewing gum  ,Noun
カラー,カラー,  collar ,Noun
カロリー,カロリー,  calorie,Noun
ぎっしり,ぎっしり,  tightly; densely packed; crammed  ,Adverb
ギャング,ギャング,  gang ,Noun
キャンパス,キャンパス,  campus  キャンパス: gai1; ichi,Noun
クーラー,クーラー,  cooler; air conditioner  クーラー: gai1; ichi,Noun
くっつく,くっつく,  to adhere to; to stick to; to cling to  ,Godan
くっつける,くっつける,  to attach; to stick together; to paste,Ichidan
クリーニング,クリーニング,  cleaning; dry cleaning; laundry service,Noun
コース,コース,  course  ,Noun
コーラス,コーラス,  chorus  ,Noun
こちらこそ,こちらこそ,  it is I who should say so,Expression
コック,コック,  cook; chef  ,Noun
こっそり,こっそり,  stealthily; secretly ,Adverb
コレクション,コレクション,  collection ,Noun
コンクール,コンクール,  competition; contest ,Noun
コンセント,コンセント,  electrical outlet; wall socket; power plug ,Noun
ごめんください,ごめんください,  may I come in?  ,Expression
ご無沙汰,ごぶさた,  not writing or contacting for a while; neglecting  to write ; long silence  ,Noun
ご苦労さま,ごくろうさま,  thank you very much for your ...; I appreciate your efforts ,Expression
ごちそうさま,ごちそうさま, word used after one has been treated,
サークル,サークル,  group with a common interest ; club ; circle ,Noun
サイレン,サイレン,  siren  サイレン: gai1; ichi,Noun
サラリーマン,サラリーマン,  office worker; company employee; company man  ,Noun
サンプル,サンプル,  sample; example; specimen ,Noun
シーズン,シーズン,  seasonシーズン: gai1; ichi,Noun
シーツ,シーツ,  sheet; bed sheet,Noun
しーん,しーん,  silently ; quietly,Adverb
しつこい,しつこい,  insistent; obstinate; persistent,Iadjective
ジャーナリスト,ジャーナリスト,  journalist,Noun
しゃがむ,しゃがむ,  to squat; to crouch  しゃがむ: ichi,Godan
シャッター,シャッター,  camera shutter  ,Noun
しゃぶる,しゃぶる,  to suck; to lick,Godan
じゃんけん,じゃんけん,  rock; paper; scissors game  ,Noun
ショップ,ショップ,  shop,Noun
シリーズ,シリーズ,  series  ,Noun
スカーフ,スカーフ,  scarf  スカーフ: gai,Noun
スクール,スクール,  school,Noun
スケジュール,スケジュール,  schedule,Noun
スタート,スタート,  start  ,Noun
スチュワーデス,スチュワーデス,  stewardess;  flight attendant,Noun
すっきり,すっきり,  feeling refreshed; feeling fine; feeling clear-headed  ,Adverb
ステージ,ステージ,  stage ,Noun
ストッキング,ストッキング,  stockings,Noun
ストップ,ストップ,  stop  ,Noun
スピーカー,スピーカー,  speaker ,Noun
スマート,スマート,  smart; stylish ,Naadjective
スライド,スライド,  slide ,Noun
ずらり,ずらり,  in a row  ,Adverb
すれ違う,すれちがう,  to pass by one another ,Godan
せっせと,せっせと,  diligently; assiduously; industriously,Adverb
ゼミ,ゼミ,  seminar ,Noun
セメント,セメント,  cement  セメント: gai1; ichi,Noun
センチ,センチ,  centimeter  ,Noun
そういえば,そういえば,  which reminds me ...; come to think of it ...; now that you mention it ...,Expression
そそっかしい,そそっかしい,  careless; thoughtless,Iadjective
そっと,そっと,  softly; gently; quietly  ,Adverb
その上,そのうえ,  in addition; furthermore ,Conjunction
その他,そのほか,  etc.; otherwise; besides,Adverbial
そのため,そのため,  hence; for that reason  ,Expression
その頃,そのころ,  at that time; in those days; at that moment,Expression
それなのに,それなのに,  and yet; despite this; but even so,Conjunction
タイア,タイア,  tire; tyre,Noun
ダイアグラム,ダイアグラム,  diagram ,Noun
ダイヤモンド,ダイヤモンド,  diamond ,Noun
ダイヤル,ダイヤル,  dial  ,Noun
ダブル,ダブル,  double  ,Noun
ダム,ダム,  dam  ,Noun
ため息,ためいき,  sigh ,Noun
だらしない,だらしない,  slovenly; loose; sluttish,Iadjective
チップ,チップ,  gratuity; tip ,Noun
チョーク,チョーク,  chalk  ,Noun
ちり紙,ちりがみ,  tissue paper; toilet paper ,Noun
テーマ,テーマ,  theme; topic; subject matter,Noun
テニスコート,テニスコート,  tennis court ,Noun
テンポ,テンポ,  tempo ,Noun
どうせ,どうせ,  anyhow; in any case; at any rate,Adverb
どうぞよろしく,どうぞよろしく,  pleased to meet you; how do you do  ,Expression
ドキドキ,ドキドキ,  thump-thump; bang-bang; pit-a-pat,Adverb
どっと,どっと,  bursting out ; breaking out ; roaring,Adverb
トレーニング,トレーニング,  training,Noun
ナイロン,ナイロン,  nylon,Noun
ナンバー,ナンバー,  number,Noun
ニコニコ,ニコニコ,  with a friendly grin; smilingly  ,Adverb
ネックレス,ネックレス,  necklace ,Noun
のろのろ,のろのろ,  slowly; sluggishly ,Adverb
バイバイ,バイバイ, bye-bye; good-bye; see you,
はきはき,はきはき,  briskly; smartly; promptly,Adverb
バケツ,バケツ,  bucket; pail  ,Noun
パターン,パターン,  pattern ,Noun
バック,バック,  back  ,Noun
バランス,バランス,  balance  ,Noun
パンツ,パンツ,  underpants; pants; briefs,Noun
バンド,バンド,  band  ,Noun
ハンドル,ハンドル,  handle ,Noun
ピカピカ,ピカピカ,  glitter; sparkle  ,Naadjective
ピストル,ピストル,  pistol  ピストル: gai1; ichi,Noun
ビタミン,ビタミン,  vitamin  ,Noun
ぴたり,ぴたり,  tightly; closely  ,Adverb
ひっくり返す,ひっくりかえす,  to turn over; to turn upside down; to turn up,Godan
ひっくり返る,ひっくりかえる,  to be overturned; to be upset; to topple over,Godan
ビニール,ビニール,  vinyl  ,Noun
ビルディング,ビルディング,  building,Noun
ピンク,ピンク,  pink ,Noun
ファスナー,ファスナー,  fastener; zipper  ファスナー: gai1; ichi,Noun
ぶつぶつ,ぶつぶつ,  grunt; grumble; complaint,Noun
フライパン,フライパン,  fry pan; frying pan ,Noun
ブラウス,ブラウス,  blouse  ブラウス: gai1; ichi,Noun
ブラシ,ブラシ,  brush  ,Noun
プラスチック,プラスチック,  plastic ,Noun
プラットホーム,プラットホーム,  platform ,Noun
ぶら下げる,ぶらさげる,  to hang; to suspend; to dangle,Ichidan
フリー,フリー,  free  ,Naadjective
プリント,プリント,  print; copy ,Noun
ブローチ,ブローチ,  brooch  ,Noun
プログラム,プログラム,  program; programme,Noun
フワフワ,フワフワ,  lightly ; buoyantly,Adverb
ベテラン,ベテラン,  person with a lot of experience; old hand; veteran  ,Noun
ヘリコプター,ヘリコプター,  helicopter,Noun
ペンチ,ペンチ,  pliers ,Noun
ボーナス,ボーナス,  bonus  ,Noun
ポスター,ポスター,  poster ,Noun
まあまあ,まあまあ,  so-so  ,Naadjective
マイナス,マイナス,  minus  マイナス: gai1; ichi,Noun
まごまご,まごまご,  confused; flustered; at a loss ,Adverb
マスク,マスク,  mask,Noun
マフラー,マフラー,  muffler ; scarf  マフラー: gai1; ichi,Noun
マラソン,マラソン,  marathon; long-distance race ,Noun
マンション,マンション,  condominium ; apartment building; apartment house,Noun
ミシン,ミシン,  sewing machine  ミシン: gai1; ichi,Noun
ミリ,ミリ,  milli-; 10^-3  ,Noun
メーター,メーター,  meter  ,Noun
めっきり,めっきり,  remarkably,Adverb
メニュー,メニュー,  menu  ,Noun
モーター,モーター,  motor ,Noun
モダン,モダン,  modern ,Naadjective
モデル,モデル,  model  ,Noun
モノレール,モノレール,  monorail,Noun
やむを得ない,やむをえない,  cannot be helped; unavoidable ,Expression
ラッシュアワー,ラッシュアワー,  rush hour ,Noun
ランチ,ランチ,  lunch ,Noun
ランニング,ランニング,  running ,Noun
リズム,リズム,  rhythm ,Noun
リットル,リットル,  litreリットル: gai1; ichi,Noun
リボン,リボン,  ribbon,Noun
レインコート,レインコート,  raincoat; mackintosh; macintosh,Noun
レクリエーション,レクリエーション,  recreation ,Noun
レジャー,レジャー,  leisure  レジャー: gai1; ichi,Noun
レベル,レベル,  level; standard; amount,Noun
レンズ,レンズ,  lens ,Noun
ローマ字,ローマじ,  romaji; romanization; romanisation,Noun
ローンチ,ローンチ,  launch ,Noun
ロッカー,ロッカー,  locker ,Noun
ロビー,ロビー,  lobby; lounge,Noun
ワンピース,ワンピース,  dress ,Noun
いちいち,いちいち,  one-by-one; separately  ,Adverb
一休み,ひとやすみ,   rest; breather; break ,Noun
一定,いってい,  fixed; settled; constant,Noun
一応,いちおう,  more or less; though not quite satisfactorily; after a fashion,Adverb
一斉,いっせい,  simultaneous; all at once  いっせい: news1; nf0,Adverbial
いったん,いったん,  once  ,Adverb
一昨昨日,いっさくさくじつ,  two days before yesterday; three days back,Adverbial
一段,いちだん,  more; much more; still more,Adverb
一流,いちりゅう,  first-class; top grade; foremost,Noadjective
一通り,ひととおり,   general; broad ; the basics  ,Noun
万歳,ばんざい,"  crying ""banzai""  ",Noun
三日月,みかづき,  new moon; crescent moon ,Noun
三角,さんかく,  triangle; triangular,Noun
上り,のぼり,  ascent; climbing; ascending ,Noun
上下,じょうげ,  top and bottom; high and low; above and below,Noun
上旬,じょうじゅん,  first 10 days of month,Adverbial
上級,じょうきゅう,  advanced level; high grade; senior,Noun
くだらない,くだらない,  good-for-nothing; stupid; trivial,Iadjective
下る,くだる,  to descend; to go down; to come down ,Godan
下品,げひん,  vulgar; indecent; coarse,Naadjective
下旬,げじゅん,  last third of a month; 21st to the last day of a month,Adverbial
下水,げすい,  drainage; ditch; gutter,Noun
下町,したまち,  low-lying part of a city  ,Noun
下線,かせん,  underline; underscore,Noun
下車,げしゃ,  alighting ; getting off,Noun
下降,かこう,  descent; fall; drop,Noun
下駄,げた,  geta; Japanese wooden clogs ,Noun
不潔,ふけつ,  unclean; dirty; filthy,Naadjective
不規則,ふきそく,  irregularity; unsteadiness; disorderly,Naadjective
不通,ふつう,  suspension; interruption; stoppage,Noun
不運,ふうん,  misfortune; bad luck; ill luck,Naadjective
両側,りょうがわ,  both sides ,Noun
並木,なみき,  roadside tree; row of trees ,Noun
並行,へいこう,   side-by-side; abreast  ,Noadjective
中世,ちゅうせい,  Middle Ages ; medieval times; mediaeval times,Adverbial
中年,ちゅうねん,  middle-age; middle age; midlife,Noun
中性,ちゅうせい,  neutrality ; indifference ,Noun
中指,なかゆび,  middle finger; long finger; second finger,Noun
中旬,ちゅうじゅん,  middle of a month; second third of a month; 11th to 20th day of a month,Adverbial
中身,なかみ,  contents; interior; substance,Noun
中途,ちゅうと,  in the middle; half-way,Noun
中間,ちゅうかん,  middle; midway; interim,Adverbial
主役,しゅやく,  leading part; leading actor; leading actress,Noun
主語,しゅご,  subject ,Noun
丼,どんぶり,  porcelain bowl  ,Noun
乗り換え,のりかえ,  transfer ; connection; connexion ,Noun
乗車,じょうしゃ,  taking a train; bus; etc.,Noun
乱暴,らんぼう,  rude; violent; rough,Naadjective
乾かす,かわかす,  to dry ; to desiccate,Godan
乾杯,かんぱい,  toast; drink  ,Noun
乾電池,かんでんち,  dry cell; battery ,Noun
争う,あらそう,  to compete; to contest; to contend ,Godan
五十音,ごじゅうおん,  the Japanese syllabary,Noun
井戸,いど,  water well,Noun
交代,こうたい,  alternation; change; relief,Noun
交差,こうさ,  crossing; intersection ,Noun
交流,こうりゅう,   exchange; interchange; interaction,Noun
交通機関,こうつうきかん,  transportation facilities,Noun
人命,じんめい,   life,Noun
人差し指,ひとさしゆび,  index finger; forefinger ,Noun
人文科学,じんぶんかがく,  humanities; social sciences; liberal arts,Noun
人通り,ひとどおり,  pedestrian traffic  ひとどおり: ichi1; news2; nf25. 人通り: ichi1,Noun
人造,じんぞう,  man-made; synthetic; artificial,Noun
こんばんは,こんばんは,  good evening ,Expression
仕上がる,しあがる,  to be finished; to be completed; to be done ,Godan
しようがない,しようがない,  it can't be helped; it is inevitable; nothing can be done,Expression
付き合う,つきあう,  to associate with; to keep company with; to go out with,Godan
付属,ふぞく,  attached; belonging ; included,Noun
付近,ふきん,  neighbourhood; neighborhood; vicinity,Noun
代名詞,だいめいし,  pronoun  ,Noun
以後,いご,  after this; from now on; hereafter ,Adverbial
以降,いこう,  on and after; as from; hereafter,Adverbial
仮名,かな,  kana; Japanese syllabary,Noun
仮名遣い,かなづかい,  kana orthography; syllabary spelling ,Noun
仮定,かてい,  assumption; supposition; hypothesis,Noun
仲直り,なかなおり,  reconciliation; make peace with,Noun
仲良し,なかよし,  intimate friend; close friend; bosom buddy,Noun
休息,きゅうそく,  rest; relief; relaxation  ,Noun
休業,きゅうぎょう,  closed ; business suspended; shutdown,Noun
休講,きゅうこう,  lecture cancellation; cancelling ,Noun
休養,きゅうよう,  rest; break; recreation,Noun
会館,かいかん,  meeting hall; assembly hall ,Noun
伝わる,つたわる,  to be handed down; to be introduced; to be transmitted,Godan
伝染,でんせん,  contagion; infection,Noun
伝記,でんき,  biography; life story,Noun
おじさん,おじさん,  uncle ; Familiar language; ,Noun
ただし,ただし,  but; however; provided that ,Conjunction
低下,ていか,  fall; decline; lowering,Noun
住まい,すまい,  dwelling; house; residence,Noun
体操,たいそう,  gymnastics; physical exercises; calisthenics,Noun
体系,たいけい,  system; organization; organisation,Noun
何々,なになに,  such and such ; this and that ,Pronoun
なにしろ,なにしろ,  at any rate; anyhow; anyway,Adverb
何とも,なんとも,  quite; really; very,Adverb
何分,なにぶん,  some; any;  little,Noun
余る,あまる,  to remain; to be left over; to be in excess,Godan
よそ,よそ,  another place; somewhere else; strange parts,Noun
余計,よけい,  too many; too much; excessive,Naadjective
佚,いつ,  being comfortable; relaxing,Noun
作成,さくせい,  drawing up ; preparing; writing,Noun
作者,さくしゃ,  author; authoress; writer,Noun
作製,さくせい,  manufacture  さくせい: ichi1; news2; nf28. 作製: ichi1,Noun
例える,たとえる,  to compare; to liken; to speak figuratively,Ichidan
例外,れいがい,  exception,Noun
侵入,しんにゅう,  invasion; incursion; raid,Noun
便所,べんじょ,  toilet; lavatory; rest room,Noun
便箋,びんせん,  writing paper; stationery,Noun
にわか,にわか,  sudden; abrupt; unexpected,Naadjective
保健,ほけん,  health preservation; hygiene; sanitation,Noun
信ずる,しんずる,Ichidan verb - zuru verb ; Transitive verb  to believe; to believe in,Ichidan
修繕,しゅうぜん,  repair; mending,Noun
俳句,はいく,  haiku; 17-mora poem; usu. in 3 lines of 5,Noun
倉庫,そうこ,  storehouse; warehouse; godown,Noun
個体,こたい,  individual; specimen,Noun
えらい,えらい,  great; excellent; admirable,Iadjective
偏る,かたよる,  to be one-sided; to incline; to be partial,Godan
停止,ていし,  suspension; interruption; stoppage,Noun
停車,ていしゃ,  stopping ,Noun
偶数,ぐうすう,  even number,Noun
傑作,けっさく,  masterpiece; best work ,Naadjective
催し,もよおし,  event; festivities; function,Noun
催促,さいそく,  pressing; demanding; urging,Noun
傾く,かたむく,  to incline toward; to slant; to lurch,Godan
なだらか,なだらか,  gently sloping; gentle; easy  ,Naadjective
儀式,ぎしき,  ceremony; rite; ritual,Noun
儲かる,もうかる,  to be profitable; to yield a profit,Godan
儲ける,もうける,  to profit; to get; to earn,Ichidan
もともと,もともと,  originally; by nature; from the start  ,Adverb
先々月,せんせんげつ,  month before last ,Temporal
先ほど,さきほど,  some time ago; not long ago; just now ,Adverbial
先先週,せんせんしゅう,  week before last ,Temporal
先祖,せんぞ,  ancestor,Noun
先頭,せんとう,  head; lead; vanguard,Noun
光線,こうせん,  beam; light ray,Noun
免税,めんぜい,  tax exemption; duty exemption,Noun
児童,じどう,  children; juvenile,Noun
入れ物,いれもの,  container; case; receptacle ,Noun
全般,ぜんぱん,   whole; universal; wholly,Noun
全身,ぜんしん,  whole ; full-length,Noun
公共,こうきょう,  public; community; public service,Noun
公務,こうむ,  official business; public business,Noun
公式,こうしき,  formal; official  ,Noadjective
公正,こうせい,  justice; fairness; impartiality,Naadjective
公衆,こうしゅう,  the public; general public,Noun
公表,こうひょう,  official announcement; proclamation,Noun
兵隊,へいたい,  soldier; sailor,Noun
かねる,かねる,  to be unable to; to find difficult  to do,Suffix
内科,ないか,  internal medicine; i.e. treatment by medical procedures rather than surgical procedures  ,Noun
円周,えんしゅう,  circumference,Noun
再三,さいさん,  again and again; repeatedly,Adverb
写る,うつる,  to be photographed; to be projected,Godan
写生,しゃせい,  sketching; drawing from nature; portrayal,Noun
冠,かんむり,  cap ; crown; diadem,Noun
冷ます,さます,  to cool ; to let cool ,Godan
冷凍,れいとう,  freezing; cold storage; refrigeration,Noun
凍える,こごえる,  to freeze; to be chilled; to be frozen,Ichidan
もたれる,もたれる,  to lean against; to lean on; to recline on  ,Ichidan
凸凹,でこぼこ,  unevenness; roughness; ruggedness ,Noun
凹む,へこむ,  to be dented; to be indented; to yield to,Godan
出入り,でいり,  in and out; coming and going; free association,Noun
出入り口,でいりぐち,  exit and entrance ,Noun
出勤,しゅっきん,  attendance ; being at work; presence ,Noun
出合い,であい,  encounter,Noun
出張,しゅっちょう,  official tour; business trip,Noun
出来上がり,できあがり,  finish; completion; ready,Noun
出来上がる,できあがる,  to be completed; to be finished; to be ready  ,Godan
出迎え,でむかえ,  meeting; reception,Noun
でたらめ,でたらめ,  irresponsible utterance; nonsense; bullshit,Naadjective
分かれる,わかれる,  to branch; to fork; to diverge  ,Ichidan
分布,ぶんぷ,  distribution; allocation  ,Noun
分数,ぶんすう,  fraction ,Noun
分解,ぶんかい,  disassembly; dismantling; disaggregating,Noun
分量,ぶんりょう,  amount; quantity,Noun
分類,ぶんるい,  classification; categorization; sorting,Noun
きっかけ,きっかけ,  chance; start; cue,Noun
列島,れっとう,  archipelago; chain of islands,Noun
はじめに,はじめに,  first; firstly; first of all,Expression
はじめまして,はじめまして,  How do you do?; I am glad to meet you  ,Expression
初旬,しょじゅん,  first 10 days of the month,Adverbial
初級,しょきゅう,  elementary level,Noun
判事,はんじ,  judge; judiciary,Noun
判子,はんこ,  seal  ,Noun
別々,べつべつ,  separately; individually ,Naadjective
別荘,べっそう,  holiday house; villa,Noun
制作,せいさく,  work  ,Noun
刷る,する,  to print ,Godan
刺さる,ささる,  to stick into ; to prick; to pierce,Godan
刺す,さす,  to pierce; to stab; to prick,Godan
刺身,さしみ,  sashimi  ,Noun
刻む,きざむ,  to mince; to cut fine; to chop up,Godan
剃る,そる,  to shave ,Godan
かみそり,かみそり,  razor  ,Noun
削る,けずる,  to shave ; to sharpen; to plane,Godan
削除,さくじょ,  elimination; cancellation; deletion,Noun
前後,ぜんご,  front and rear; front and back; before and behind,Noun
はがす,はがす,  to tear off; to peel off; to rip off,Godan
むく,むく,  to peel; to skin; to pare,Godan
副詞,ふくし,  adverb ,Noun
割と,わりと,  relatively; comparatively  ,Adverb
割り算,わりざん,  division  ,Noun
割合に,わりあいに,  comparatively ,Adverb
割引,わりびき,  discount; reduction; rebate,Noun
創作,そうさく,  production; literary creation; work,Noun
力強い,ちからづよい,  powerful; strong; forceful,Iadjective
功績,こうせき,  achievements; merit; meritorious service,Noun
加熱,かねつ,  heating; application of heat,Noun
加速,かそく,  acceleration; speeding up ,Noun
加速度,かそくど,  acceleration,Noun
助かる,たすかる,  to be saved; to be rescued; to survive ,Godan
助教授,じょきょうじゅ,  assistant professor; associate professor,Noun
努める,つとめる,  to endeavor ; to try; to strive,Ichidan
効力,こうりょく,  effect; efficacy; validity,Noun
動作,どうさ,  action; movements; motions,Noun
勘違い,かんちがい,  misunderstanding; wrong guess,Noun
勝敗,しょうはい,  victory or defeat; issue ; outcome,Noun
勝負,しょうぶ,  victory or defeat; match; contest,Noun
もったいない,もったいない,  impious; profane; sacrilegious  ,Iadjective
匂う,におう,  to be fragrant; to smell,Godan
包丁,ほうちょう,  kitchen knife; carving knife ,Noun
包帯,ほうたい,  bandage; dressing ,Noun
包装,ほうそう,  packing; wrapping,Noun
北極,ほっきょく,  North Pole ,Noun
さじ,さじ,  spoon  ,Noun
区分,くぶん,  division; section; demarcation,Noun
区切る,くぎる,  to demarcate; to delimit; to divide ,Godan
区域,くいき,  limits; boundary; domain,Noun
ちぎる,ちぎる,  to tear to pieces; to tear to shreds; to tear up  ,Godan
半島,はんとう,  peninsula,Noun
半径,はんけい,  radius,Noun
卑怯,ひきょう,  cowardice; meanness; unfairness,Naadjective
南北,なんぼく,  north and south; north to south ,Noun
南極,なんきょく,  South Pole ,Noun
南米,なんべい,  South America  ,Noun
単数,たんすう,  singular number,Noun
占う,うらなう,  to tell someone's fortune; to forecast; to predict,Godan
危うい,あやうい,  dangerous; risky; hazardous,Iadjective
かえって,かえって,  on the contrary; rather; all the more,Adverb
卸す,おろす,  to sell wholesale ,Godan
厚かましい,あつかましい,  impudent; shameless; brazen  あつかましい: ichi 厚かましい: ichi,Iadjective
原始,げんし,  origin; primeval,Noun
原料,げんりょう,  raw materials,Noun
原理,げんり,  principle; theory; fundamental truth,Noun
原産,げんさん,  place of origin; habitat,Noun
原稿,げんこう,  manuscript; copy,Noun
厳重,げんじゅう,  strict; rigour; rigor,Naadjective
友好,ゆうこう,  friendship,Noun
反映,はんえい,  reflection ; reflecting ,Noun
反省,はんせい,  reflection; reconsideration; introspection,Noun
取り入れる,とりいれる,  to harvest; to reap ,Ichidan
取り出す,とりだす,  to take out; to produce; to pick out ,Godan
取り消す,とりけす,  to cancel; to withdraw; to retract,Godan
受け持つ,うけもつ,  to take  charge of,Godan
受取り,うけとり,  receipt ,Noun
受話器,じゅわき,   receiver ,Noun
受験,じゅけん,  taking an examination ,Noun
口実,こうじつ,  excuse; pretext,Noun
口紅,くちべに,  lipstick,Noun
古典,こてん,  old book; classics; classic  ,Noun
句読点,くとうてん,  punctuation mark; punctuation marksくとうてん: ichi1; news2,Noun
可愛がる,かわいがる,  to love; to be affectionate; to favor,Godan
可決,かけつ,  approval; adoption ; passage,Noun
司会,しかい,  leading a meeting; presiding over a meeting; officiating at a ceremony,Noun
しゃっくり,しゃっくり,  hiccough; hiccupしゃっくり: ichi 吃逆: ichi,Noun
各地,かくち,  every place; various places,Noun
各自,かくじ,  each ; everyone; individual,Noun
合同,ごうどう,  combination; union; incorporation,Noun
合流,ごうりゅう,  confluence ; merge ; conflux,Noun
合理,ごうり,  rationality,Noun
吊る,つる,  to hang; to suspend ; to be hanged  ,Godan
吊るす,つるす,  to hang; to hang up ,Godan
同格,どうかく,  the same rank; equality  ,Noun
名作,めいさく,  masterpiece,Noun
名刺,めいし,  business card,Noun
名字,みょうじ,  surname; family name,Noun
名所,めいしょ,  famous place ,Noun
名物,めいぶつ,  famous product; special product; speciality,Noun
名詞,めいし,  noun  ,Noun
吐き気,はきけ,  nausea; sickness in the stomach ,Noun
含める,ふくめる,  to include  ,Ichidan
吹雪,ふぶき,  snow storm; blizzard ,Noun
呆れる,あきれる,  to be amazed; to be shocked; to be astonished,Ichidan
のんき,のんき,  carefree; optimistic; careless,Naadjective
周辺,しゅうへん,  circumference; outskirts; environs,Noun
味わう,あじわう,  to taste; to savor; to savour,Godan
呼びかける,よびかける,  to call out to; to hail; to address ,Ichidan
呼び出す,よびだす,  to summon; to call ; to convene,Godan
命ずる,めいずる,Ichidan verb - zuru verb ; Transitive verb  to command; to appoint,Ichidan
和服,わふく,  Japanese clothes,Noun
和英,わえい,  Japanese-English  わえい: ichi1; news2; nf3 和英: ichi1,Noun
くわえる,くわえる,  to hold in one's mouth  ,Ichidan
唇,くちびる,  lips ,Noun
商店,しょうてん,  shop; small store; business,Noun
商業,しょうぎょう,  commerce; trade; business,Noun
商社,しょうしゃ,  trading company; firm,Noun
問い合わせ,といあわせ,  enquiry; inquiry; query,Noun
問答,もんどう,  questions and answers; dialogue,Noun
やかましい,やかましい,  noisy; boisterous  ,Iadjective
嗅ぐ,かぐ,  to sniff; to smell,Godan
器具,きぐ,  utensil; apparatus; implement,Noun
噴水,ふんすい,  water fountain,Noun
噴火,ふんか,  eruption,Noun
くしゃみ,くしゃみ,  sneeze,Noun
ささやく,ささやく,  to whisper; to murmur  ,Godan
四つ角,よつかど,  four corners; crossroads,Noun
四季,しき,  four seasons,Noun
四捨五入,ししゃごにゅう,  rounding ; rounding half up ,Noun
四角,しかく,  square,Naadjective
四角い,しかくい,  square; rectangular,Iadjective
回り道,まわりみち,  detour; diversion ,Noun
回数,かいすう,  number of times; frequency; count,Noun
回数券,かいすうけん,  book of tickets,Noun
回答,かいとう,  reply; answer,Noun
回転,かいてん,  rotation ; revolution; turning  ,Noun
よる,よる,  to be due to; to be caused by  ,Godan
団地,だんち,  multi-unit apartments; apartment complex,Noun
図々しい,ずうずうしい,  impudent; shameless ,Iadjective
図形,ずけい,  figure; shape; graphic  ずけい: ichi1,Noun
図表,ずひょう,  chart; diagram; graph,Noun
図鑑,ずかん,  pictorial book; picture book; illustrated reference book,Noun
固まる,かたまる,  to harden; to solidify ,Godan
国王,こくおう,  king,Noun
国立,こくりつ,  national,Noun
国籍,こくせき,  nationality; citizenship ,Noun
園芸,えんげい,  horticulture; gardening,Noun
圧縮,あっしゅく,  compression; condensation; constriction,Noun
在学,ざいがく,   in school,Noun
地下水,ちかすい,  underground water,Noun
地名,ちめい,  place name,Noun
地味,じみ,  plain; simple; subdued,Naadjective
地帯,ちたい,  area; zone; beltちたい: ichi1,Noun
地点,ちてん,  site; point on a map; spot,Noun
地盤,じばん,  ground; crust ; bed  ,Noun
地質,ちしつ,  geological features,Noun
坊さん,ぼうさん,  Buddhist priest; monk ; ,Noun
坊や,ぼうや,  boy,Noun
垂直,すいちょく,  vertical ,Naadjective
垣根,かきね,  hedge; fence,Noun
埋める,うめる,  to bury  ,Ichidan
執筆,しっぴつ,  writing ,Noun
基地,きち,  base  きち: ichi1; news1; nf0,Noun
基準,きじゅん,  standard; basis; criterion,Noun
基盤,きばん,  foundation; basis; base,Noun
基礎,きそ,  foundation; basis,Noun
塊,かたまり,  lump; mass; bundle,Noun
ふさがる,ふさがる,  to be closed; to be blocked; to be healed ,Godan
塞ぐ,ふさぐ,  to stop up; to close up; to block ,Godan
増やす,ふやす,  to increase; to add to; to augment  ,Godan
増大,ぞうだい,  enlargement; increase,Noun
増減,ぞうげん,  increase and decrease; fluctuation  ぞうげん: ichi1; news1,Noun
墨,すみ,  sumi; India ink; Chinese ink,Noun
売り上げ,うりあげ,  amount sold; sales; proceeds,Noun
売り切れ,うりきれ,  sold-out ,Noadjective
売り切れる,うりきれる,  to be sold out ,Ichidan
売れ行き,うれゆき,  sales; demand ,Noun
売店,ばいてん,  shop; stand,Noun
売買,ばいばい,  trade; buying and selling; trafficking ,Noun
夕刊,ゆうかん,  evening paper,Noun
夕日,ゆうひ,  evening sun; setting sun  ,Noun
夕立,ゆうだち,   evening shower  ,Noun
外れる,はずれる,  to be disconnected; to get out of place; to be off,Ichidan
外科,げか,  surgery  ,Noun
夜行,やこう,  walking around at night; night train; night travel ,Noun
夜間,やかん,  at night; nighttime,Adverbial
たいして,たいして,   much;  very ,Adverb
おとなしい,おとなしい,  obedient; docile; quiet  ,Iadjective
おおよそ,おおよそ,  about; roughly; approximately  ,Adverb
大学院,だいがくいん,  graduate school,Noun
大小,だいしょう,  sizes ; large and small ,Noun
たいそう,たいそう,  very much; exaggerated; very fine ,Naadjective
大工,だいく,  carpenter,Noun
大木,たいぼく,  large tree,Noun
大通り,おおどおり,  main street  ,Noun
大雑把,おおざっぱ,  rough ; broad; sketchy ,Naadjective
天皇,てんのう,  Emperor of Japan  ,Noun
太鼓,たいこ,  drum,Noun
夫妻,ふさい,  man and wife; married couple,Noun
失恋,しつれん,  disappointed love; broken heart; unrequited love,Noun
女の人,おんなのひと,  woman,Expression
女房,にょうぼう,  wife  ,Noun
好き好き,すきずき,  matter of taste ,Noun
好き嫌い,すききらい,  likes and dislikes; pickiness ; choosiness,Noun
妥当,だとう,  valid; proper; right,Naadjective
妨げる,さまたげる,  to disturb; to prevent; to obstruct,Ichidan
始終,しじゅう,  continuously; from beginning to end; from first to last,Adverb
姓,せい,  surname; family name ,Noun
姪,めい,  nieceめい: ichi1; news2; nf39. 姪: ichi1,Noun
姿勢,しせい,  attitude; posture; stance,Noun
威張る,いばる,  to put on airs; to act big; to throw one's weight about,Godan
娯楽,ごらく,  pleasure; amusement,Noun
嫌がる,いやがる,  to hate; to dislike ,Godan
子孫,しそん,  descendants; posterity; offspring,Noun
存じる,ぞんじる,  to think; feel; consider,Ichidan
存ずる,ぞんずる,Ichidan verb - zuru verb ; intransitive verb  to think; feel,Ichidan
孝行,こうこう,  filial piety,Naadjective
学力,がくりょく,  scholarly ability; scholarship; knowledge,Noun
学年,がくねん,  academic year; school year ,Noun
学科,がっか,  study subject; course of study ,Noun
学級,がっきゅう,   class,Noun
学術,がくじゅつ,  science; learning; scholarship,Noun
学部,がくぶ,  department of a university  ,Noun
安易,あんい,  easy; simple ,Naadjective
官庁,かんちょう,  government office; government agency; authorities,Noun
定休日,ていきゅうび,  regular holiday; fixed day off; regular closing day,Noun
定価,ていか,  list price; regular price; established price,Noun
定員,ていいん,  fixed number of regular personnel; staff quota; complement ,Noun
定期券,ていきけん,  commuter pass; season ticket ,Noun
定規,じょうぎ,   ruler ,Noun
宛名,あてな,   name;  name and address ,Noun
実る,みのる,  to bear fruit; to ripen ,Godan
実例,じつれい,  example; illustration; precedent,Noun
実力,じつりょく,   ability; true strength; merit,Noun
実感,じっかん,  real feeling; actual feeling  ,Noun
実用,じつよう,  practical use; utility,Noun
実績,じっせき,  achievements; actual results; accomplishments,Noun
客席,きゃくせき,  guest seating ; passenger seat  ,Noun
宣伝,せんでん,  publicity; advertisement; advertising,Noun
宴会,えんかい,  party; banquet,Noun
家主,やぬし,  landlord; landlady  ,Noun
家屋,かおく,  house; building,Noun
容器,ようき,  container; vessel,Noun
容積,ようせき,  capacity; volume,Noun
寄せる,よせる,  to come near; to let someone approach ,Ichidan
よこす,よこす,  to send; to forward  ,Godan
寒帯,かんたい,  frigid zone,Noun
寝巻き,ねまき,  sleep-wear; nightclothes; pyjamas,Noun
寮,りょう,  hostel; dormitory ,Noun
寸法,すんぽう,  measurement; size; extent,Noun
寺院,じいん,  temple,Noun
対照,たいしょう,  contrast; antithesis; comparison,Noun
対立,たいりつ,  confrontation; opposition; antagonism,Noun
対策,たいさく,  measure; provision; step,Noun
寿命,じゅみょう,  life span,Noun
専制,せんせい,  despotism; autocracy ,Noun
将棋,しょうぎ,  shogi; Japanese chess; xianqi ,Noun
小便,しょうべん,  urine; piss; pee ,Noun
小学生,しょうがくせい,  elementary school student; primary school student; grade school student,Noun
小指,こゆび,  little finger; pinky ,Noun
小数,しょうすう,  fraction ; decimal fraction  しょうすう: ichi 小数: ichi,Noun
小遣い,こづかい,  pocket money; spending money; pin money,Noun
少なくとも,すくなくとも,  at least ,Adverb
尖る,とがる,  to taper to a point; to become sharp ,Godan
しっぽ,しっぽ,  tail,Noun
屋外,おくがい,  outdoors; alfresco,Noun
くず,くず,  waste; scrap; garbage,Noun
展開,てんかい,  development; evolution; progressing,Noun
属する,ぞくする,  to belong to; to come under; to be affiliated with,Suru
山林,さんりん,  mountain forest; forest on a mountain; montane forest ,Noun
岬,みさき,  cape  ,Noun
峠,とうげ,  ridge;  pass; difficult part,Noun
崩す,くずす,  to destroy; to demolish; to pull down,Godan
崩れる,くずれる,  to collapse; to crumble  ,Ichidan
はめる,はめる,  to insert; to put in ; to button,Ichidan
めぐる,めぐる,  to go around  ,Godan
巡査,じゅんさ,  police officer; policeman; constable,Noun
工事,こうじ,  construction work; construction; work ,Noun
工員,こういん,  factory worker,Noun
工夫,くふう,  scheme; device; scheming,Noun
工芸,こうげい,  industrial arts; craft,Noun
さようなら,さようなら, good-bye ,
ふざける,ふざける,  to joke; to jest; to kid,Ichidan
差し引き,さしひき,  deduction; subtraction; balance ,Noun
巻く,まく,  to wind; to coil; to roll,Godan
帰す,かえす,  to send  back; to send  home  ,Godan
干す,ほす,  to air; to dry; to desiccate ,Godan
ひらがな,ひらがな,  hiragana; cursive Japanese syllabary used primarily for native Japanese words,Noun
平日,へいじつ,  weekday; ordinary days,Adverbial
平気,へいき,  coolness; calmness; composure,Naadjective
平野,へいや,  plain; open field,Noun
年度,ねんど,  fiscal year ; financial year ,Noun
幼児,ようじ,  infant; baby; child ,Noun
幼稚,ようち,  infancy  ,Noun
幼稚園,ようちえん,  kindergarten,Noun
幾分,いくぶん,  somewhat; to some extent; to some degree  ,Adverb
広げる,ひろげる,  to spread; to extend; to expand,Ichidan
広さ,ひろさ,  extent,Noun
広める,ひろめる,  to spread; to propagate; to popularize,Ichidan
広場,ひろば,  plaza;  square; piazza,Noun
床の間,とこのま,  tokonoma ,Noun
ついで,ついで,  opportunity; occasion  ,Noun
店屋,みせや,  store; shop,Noun
座布団,ざぶとん,  zabuton,Noun
座敷,ざしき,  tatami room; tatami mat room; formal Japanese room ,Noun
建つ,たつ,  to be erected; to be built,Godan
引き分け,ひきわけ,  draw ; tie game ,Noun
引き受ける,ひきうける,  to take on; to undertake; to accept,Ichidan
引き止める,ひきとめる,  to detain; to check; to restrain ,Ichidan
引き算,ひきざん,  subtraction  ,Noun
引き返す,ひきかえす,  to turn back; to go back; to repeat,Godan
引っかかる,ひっかかる,  to be caught in; to be stuck in ,Godan
引っ越し,ひっこし,  moving ; changing residence  ,Noun
引っ込む,ひっこむ,  to draw back; to sink; to cave in ,Godan
引力,いんりょく,  attraction ; affinity; gravitational pull ,Noun
弱点,じゃくてん,  weak point; weakness; shortcoming,Noun
張り切る,はりきる,  to be in high spirits; to be full of vigor ; to be enthusiastic,Godan
強化,きょうか,  strengthening; intensifying; reinforcement,Noun
強引,ごういん,  overbearing; coercive; pushy,Naadjective
強気,つよき,  confident; assured; self-assured,Naadjective
当たり前,あたりまえ,  natural; reasonable; obvious ,Naadjective
当てはまる,あてはまる,  to apply ; to be applicable; to come under ,Godan
当てはめる,あてはめる,  to apply; to adapt ,Ichidan
当番,とうばん,  being on duty,Noun
形容動詞,けいようどうし,  na-adjective ; quasi-adjective; adjectival noun,Noun
形容詞,けいようし,  adjective; i-adjective  ,Noun
形式,けいしき,  form ; formality  ,Noun
彫る,ほる,  to carve; to engrave; to sculpt,Godan
彫刻,ちょうこく,  carving; engraving; sculpture,Noun
役人,やくにん,  government official  ,Noun
役所,やくしょ,  government office; public office,Noun
役者,やくしゃ,  actor; actress ,Noun
あれこれ,あれこれ,  one thing or another; this way and that; this and that,Adverb
往復,おうふく,  making a round trip; going and returning; coming and going ,Noun
待ち合わせる,まちあわせる,  to rendezvous; to meet at a prearranged place and time; to arrange to meet ,Ichidan
待合室,まちあいしつ,  waiting room,Noun
後輩,こうはい,  junior ; younger people; younger student ,Noun
いとこ,いとこ,  cousin,Noun
御中,おんちゅう,  and Company; Messrs; for the attention of ...  おんちゅう: ichi 御中: ichi,Noun
ごめん,ごめん,  your pardon; declining ; dismissal,Noun
御覧,ごらん,  try to  ,
循環,じゅんかん,  circulation; rotation; cycle,Noun
心当たり,こころあたり,  having some knowledge of; happening to know ,Noun
心得る,こころえる,  to know; to understand; to be aware of,Ichidan
心身,しんしん,  mind and body ,Noun
必需品,ひつじゅひん,  necessities; necessary article; requisite,Noun
応ずる,おうずる,Ichidan verb - zuru verb ; intransitive verb  to answer; to respond,Ichidan
応対,おうたい,  receiving; dealing with,Noun
応接,おうせつ,  reception,Noun
応援,おうえん,  aid; assistance; help,Noun
快晴,かいせい,  clear weather; cloudless weather; good weather ,Noun
たちまち,たちまち,  at once; in a moment; suddenly,Adverb
怒鳴る,どなる,  to shout; to yell ,Godan
思いがけない,おもいがけない,  unexpected; contrary to expectations; by chance,Iadjective
思いつく,おもいつく,  to think of; to hit upon; to come into one's mind,Godan
思い切り,おもいきり,  with all one's strength; with all one's heart; resignation,Adverb
思い込む,おもいこむ,  to be under impression that; to be convinced that; to imagine that,Godan
怠る,おこたる,  to be negligent in doing something; to shirk; to be off one's guardおこたる: ichi1,Godan
性別,せいべつ,  distinction by sex; sex; gender,Noun
性質,せいしつ,  nature; property; disposition,Noun
怪しい,あやしい,  suspicious; dubious; doubtful,Iadjective
恋しい,こいしい,  yearned for; longed for; missed,Iadjective
恐縮,きょうしゅく,  feeling obliged; being grateful; being thankful,Noun
恨み,うらみ,  resentment; grudge; malice,Noun
恩恵,おんけい,  grace; favor; favour,Noun
恵まれる,めぐまれる,  to be blessed with; to be rich in; to abound in,Ichidan
悔しい,くやしい,  vexing; annoying; frustrating,Iadjective
悔やむ,くやむ,  to mourn; to lament ,Godan
悠々,ゆうゆう,  quiet; calm; leisurely,Taruadjective
惜しい,おしい,  regrettable; disappointing ,Iadjective
惨め,みじめ,  miserable; wretched; unhappy,Naadjective
いよいよ,いよいよ,  more and more; all the more; increasingly  ,Adverb
意地悪,いじわる,  malicious; ill-tempered; unkind,Naadjective
感ずる,かんずる,Ichidan verb - zuru verb ; intransitive verb  to feel; to sense ,Ichidan
感想,かんそう,  impressions; thoughts,Noun
感激,かんげき,  deep emotion; impression; inspiration,Noun
慌ただしい,あわただしい,  busy; hurried; confused,Iadjective
慌てる,あわてる,  to become confused ; to be flustered; to panic ,Ichidan
慰める,なぐさめる,  to comfort; to console; to amuse,Ichidan
憎い,にくい,  hateful; abominable; poor-looking,Iadjective
憎む,にくむ,  to hate; to detest ,Godan
憎らしい,にくらしい,  odious; hateful ,Iadjective
憧れる,あこがれる,  to long for; to yearn after; to admire,Ichidan
懐かしい,なつかしい,  dear; desired; missed ,Iadjective
成立,せいりつ,  coming into existence; arrangements; establishment,Noun
戸棚,とだな,  cupboard; locker; closet,Noun
所々,ところどころ,  here and there; some parts ; several places ,Adverbial
扇ぐ,あおぐ,  to fan ,Godan
扇子,せんす,  folding fan,Noun
扇風機,せんぷうき,  electric fan ,Noun
手ぬぐい,てぬぐい,   towel  ,Noun
手入れ,ていれ,  repairs; maintenance; tending,Noun
手前,てまえ,  before; this side ,Noun
手帳,てちょう,  notebook; memo pad;  diary ,Noun
手洗い,てあらい,  washing one's hands; water  for washing one's hands ,Noun
手首,てくび,  wrist  ,Noun
打ち合わせ,うちあわせ,  advance arrangements; preparatory meeting; briefing session ,Noun
打ち消す,うちけす,  to deny; to contradict ,Godan
ぶつかる,ぶつかる,  to strike against; to collide with; to bump into,Godan
ぶつける,ぶつける,  to hit ; to strike; to crash into  ,Ichidan
払い戻す,はらいもどす,  to repay; to pay back ,Godan
払い込む,はらいこむ,  to deposit; to pay in,Godan
承る,うけたまわる,  to hear; to be told; to know  ,Godan
投書,とうしょ,  letter to the editor; letter from a reader; contribution,Noun
せっかく,せっかく,  with trouble; at great pains,Adverb
押さえる,おさえる,  to pin something down; to hold something down; to hold something back,Ichidan
抽象,ちゅうしょう,  abstract,Naadjective
担ぐ,かつぐ,  to shoulder; to carry on one's shoulder ,Godan
拝む,おがむ,  to assume the posture of praying; to press the palms and fingers of both hands together; to do reverence ,Godan
拡充,かくじゅう,  expansion  かくじゅう: news1; nf08. 拡充: news1; nf08.,Noun
拡張,かくちょう,  expansion; extension; enlargement,Noun
かっこ,かっこ,  parentheses; brackets  ,Noun
拭く,ふく,  to wipe; to dry,Godan
こしらえる,こしらえる,  to make; to manufacture  ,Ichidan
持参,じさん,  bringing; taking; carrying,Noun
挟まる,はさまる,  to get between; to be caught in,Godan
挟む,はさむ,  to interpose; to hold between; to insert ,Godan
ふりがな,ふりがな,  furigana; kana over or beside kanji to indicate pronunciation  ,Noun
振る舞う,ふるまう,  to behave; to conduct oneself ,Godan
挿す,さす,  to insert; to put in  ,Godan
捕らえる,とらえる,  to seize; to capture; to arrest ,Ichidan
捕る,とる,  to take; to catch; to capture ,Godan
ねじる,ねじる,  to screw; to twist  ,Godan
ひねる,ひねる,  to twist; to wrench; to turn ,Godan
掃く,はく,  to sweep; to brush; to gather up,Godan
掘る,ほる,  to dig; to excavate; to hollow ,Godan
掛け算,かけざん,  multiplication  ,Noun
採点,さいてん,  marking; grading; scoring ,Noun
探る,さぐる,  to feel around for; to fumble for; to grope for,Godan
接する,せっする,  to touch; to come in contact with; to border on,Suru
接続,せつぞく,  connection; attachment; union,Noun
接近,せっきん,  getting closer; drawing nearer; approaching ,Noun
かく,かく,  to scratch  ,Godan
揃う,そろう,  to become complete; to be all present; to be a full set,Godan
揃える,そろえる,  to collect; to gather; to get together,Ichidan
揉む,もむ,  to rub; to crumple ,Godan
換気,かんき,  ventilation,Noun
からかう,からかう,  to ridicule; to tease; to mock,Godan
損得,そんとく,  loss and gain; advantage and disadvantage,Noun
摩擦,まさつ,  friction; rubbing; rubdown,Noun
撒く,まく,  to scatter; to sprinkle; to strew ,Godan
撫でる,なでる,  to brush gently; to stroke; to caress,Ichidan
撮影,さつえい,  photography ; photographing; filming,Noun
こする,こする,  to rub; to scrub  ,Godan
改めて,あらためて,  another time; again; over again,Adverb
改める,あらためる,  to change; to alter; to revise,Ichidan
改札,かいさつ,  examination of tickets ,Noun
改正,かいせい,  revision; amendment; alteration,Noun
改造,かいぞう,  remodeling; remodelling; restructuring,Noun
攻める,せめる,  to attack; to assault; to assail,Ichidan
攻め手,せめて,  offense; offence; method of attack,Noun
放る,ほうる,  to throw; to toss; to fling ,Godan
放れる,はなれる,  to get free; to be freed; to be released  はなれる: ichi 放れる: ichi,Ichidan
政党,せいとう,  political party,Noun
教わる,おそわる,  to be taught ; to learn from,Godan
教養,きょうよう,  cultivation; refinement; culture,Noun
散らかす,ちらかす,  to scatter around; to leave untidy,Godan
散らかる,ちらかる,  to be in disorder; to lie scattered around,Godan
散らす,ちらす,  to scatter; to cause a shower of ,Godan
散る,ちる,  to fall  ,Godan
敬う,うやまう,  to show respect; to honour; to honor,Godan
敬語,けいご,  honorific; term of respect; polite expression,Noun
整う,ととのう,  to be ready; to be prepared; to be arranged ,Godan
整備,せいび,  maintenance; servicing ,Noun
敷く,しく,  to spread out; to lay out ,Godan
敷地,しきち,  site; plot; lot,Noun
文体,ぶんたい,  literary style ,Noun
文房具,ぶんぼうぐ,  stationery,Noun
文献,ぶんけん,  literature; books ; document,Noun
文脈,ぶんみゃく,  context ,Noun
文芸,ぶんげい,  literature; art and literature; belles-lettres  ,Noun
斜,はす,  diagonal  ,Noadjective
斬る,きる,  to kill  using a blade ; to slice ; to lop ,Godan
断定,だんてい,  conclusion; decision,Noun
断水,だんすい,  water outage,Noun
こうして,こうして,  thus; in this way ,Conjunction
新幹線,しんかんせん,  Shinkansen; bullet train  ,Noun
方程式,ほうていしき,  equation; formula ,Noun
方角,ほうがく,  direction; way ,Noun
方言,ほうげん,  dialect ,Noun
方針,ほうしん,  objective; plan; policy,Noun
方面,ほうめん,  direction; district; area  ,Noun
日の入り,ひのいり,  sunset,Noun
日の出,ひので,  sunrise,Noun
日当たり,ひあたり,  exposure to the sun; sunny place ,Noun
日日,ひにち,  the number of days; date ,Noun
日時,にちじ,  date and time,Noun
日用品,にちようひん,  daily necessities,Noun
日程,にってい,  schedule; program; programme,Noun
日課,にっか,  daily lesson; daily work; daily routine,Noun
日陰,ひかげ,  shade; shadow ,Noun
早口,はやくち,  fast-talking; rapid talking ,Noun
早速,さっそく,  at once; immediately; without delay,Adverb
明々後日,しあさって,  in three days' time; two days after tomorrow ,Adverbial
明け方,あけがた,  dawn  ,Adverbial
映す,うつす,  to project; to reflect; to cast ,Godan
映る,うつる,  to be reflected; to harmonize with ; to come out ,Godan
是非とも,ぜひとも,  by all means  ,Adverb
昼寝,ひるね,  nap ; siesta  ,Noun
時速,じそく,  speed ,Noun
時間割,じかんわり,  timetable ; schedule ,Noun
暴れる,あばれる,  to act violently; to rage; to struggle,Ichidan
曖昧,あいまい,  vague; ambiguous; unclear ,Naadjective
曲げる,まげる,  to bend; to crook; to bow,Ichidan
曲線,きょくせん,  curve,Noun
更ける,ふける,  to get late; to advance; to wear on ,Ichidan
書店,しょてん,  bookshop; bookstore,Noun
書留,かきとめ,  registered mail  ,Noun
書籍,しょせき,  book; publication,Noun
書道,しょどう,  calligraphy ,Noun
替わる,かわる,  to succeed; to relieve; to replace  ,Godan
月日,つきひ,  time; years; days,Noun
月末,げつまつ,  end of the month ,Adverbial
月給,げっきゅう,  monthly salary,Noun
有料,ゆうりょう,  toll; fee; charge,Noun
ありがたい,ありがたい,  grateful; thankful; welcome,Iadjective
朗らか,ほがらか,  bright; cheerful; melodious,Naadjective
望遠鏡,ぼうえんきょう,  telescope,Noun
期限,きげん,  term; period; time frame ,Noun
木材,もくざい,  lumber; timber; wood  ,Noun
未満,みまん,  less than; insufficient,Noun
末っ子,すえっこ,  youngest child,Noun
本来,ほんらい,  originally; primarily ,Adverbial
杉,すぎ,  Japanese cedar  ,Noun
材木,ざいもく,  lumber; timber,Noun
来日,らいにち,  arrival in Japan; coming to Japan; visit to Japan,Noun
東洋,とうよう,  Orient,Noun
東西,とうざい,  east and west ,Noun
枕,まくら,  pillow; bolster ,Noun
枚数,まいすう,  the number of flat things ,Noun
果たして,はたして,  as was expected; just as one thought; sure enough,Adverb
果実,かじつ,  fruit; nut; berry,Noun
枯れる,かれる,  to wither ; to be blasted; to die ,Ichidan
架空,かくう,  aerial; overhead  ,Noun
栓,せん,  stopper; cork; stopcock,Noun
校庭,こうてい,  schoolyard; campus,Noun
校舎,こうしゃ,  school building ,Noun
格別,かくべつ,  particular; special; exceptional,Naadjective
桁,けた,  column; beam; girder,Noun
案外,あんがい,  unexpectedly,Naadjective
はしご,はしご,  ladder  ,Noun
森林,しんりん,  forest; woods,Noun
椀,わん,  bowl  ,Noun
植木,うえき,  garden shrubs; trees; potted plant ,Noun
楕円,だえん,  ellipse ,Noun
楽器,がっき,  musical instrument,Noun
概論,がいろん,  introduction; outline; general remarks,Noun
構造,こうぞう,  structure; construction; makeup,Noun
標準,ひょうじゅん,  standard; level; norm,Noun
標識,ひょうしき,  sign; mark; flag,Noun
機関車,きかんしゃ,  locomotive; engine,Noun
櫛,くし,  comb ,Noun
欄,らん,  column of text  ,Noun
あくび,あくび,  yawn; yawning  ,Noun
次ぐ,つぐ,  to rank next to; to come after ,Godan
欧米,おうべい,  Europe and America; the West  ,Noun
欲張り,よくばり,  greed; avarice; covetousness,Noun
かるた,かるた,  karuta; traditional Japanese playing cards,Noun
歌謡,かよう,  song; ballad,Noun
とどまる,とどまる,  to remain; to abide; to stay,Godan
正味,しょうみ,  net weight ,Noun
正方形,せいほうけい,  square  ,Noun
正門,せいもん,  main gate; main entrance  ,Noun
こないだ,こないだ,  the other day; lately; recently ,Adverbial
武士,ぶし,  warrior; samurai  ,Noun
歯磨き,はみがき,  dental brushing; brushing one's teeth ,Noun
歯車,はぐるま,  gear; cog-wheel,Noun
死体,したい,  dead body; corpse; cadaver  ,Noun
残らず,のこらず,  all; entirely; completely,Adverb
殴る,なぐる,  to strike; to hit; to beat,Godan
段階,だんかい,  grade; level; stage,Noun
殻,から,  shell; husk; hull,Noun
毎度,まいど,  each time; always; often ,Adverbial
比較的,ひかくてき,  comparative; relative,Naadjective
毛皮,けがわ,  fur; skin; pelt ,Noun
毛糸,けいと,  knitting wool; woollen yarn,Noun
氏名,しめい,  full name; identity ,Noun
民謡,みんよう,  folk song; popular song,Noun
気を付ける,きをつける,  to be careful; to pay attention; to take care ,Expression
気体,きたい,  vapour; vapor; gas,Noun
気圧,きあつ,  atmospheric pressure,Noun
気配,けはい,  indication; sign; hint,Noun
水分,すいぶん,  water; liquid; fluid,Noun
水平,すいへい,  level; horizontality,Naadjective
水平線,すいへいせん,  horizon  ,Noun
水曜,すいよう,  Wednesday,Adverbial
水滴,すいてき,  drop of water ,Noun
水産,すいさん,  aquatic products; fisheries  すいさん: ichi1; news1,Noun
水筒,すいとう,  canteen; flask; water bottle,Noun
水素,すいそ,  hydrogen ,Noun
水蒸気,すいじょうき,  water vapour; water vapor; steam,Noun
汁,しる,  juice; sap ,Noun
汚す,よごす,  to pollute; to contaminate; to soil,Godan
汲む,くむ,  to draw ; to fetch ; to ladle,Godan
しみじみ,しみじみ,  earnestly; keenly; fully,Adverb
油断,ゆだん,  negligence; carelessness; inattention,Noun
治める,おさめる,  to govern; to manage ,Ichidan
泊める,とめる,  to give shelter to; to lodge; to put up,Ichidan
法則,ほうそく,  law; rule,Noun
注す,さす,  to pour; to add ; to serve,Godan
洋品店,ようひんてん,  shop that handles Western-style apparel and accessories,Noun
洒落,しゃれ,  joke; pun; witticism  ,Naadjective
洗剤,せんざい,  detergent; washing material,Noun
活力,かつりょく,  vitality; energy; dynamism,Noun
活字,かつじ,  printing type; movable type ,Noun
活躍,かつやく,  activity ; great efforts; conspicuous service  ,Noun
派手,はで,  showy; loud; gay,Naadjective
流域,りゅういき,   basin,Noun
さすが,さすが,  as one would expect  ,Naadjective
流行る,はやる,  to be popular; to come into fashion ,Godan
浮かぶ,うかぶ,  to float; to be suspended ,Godan
浮かべる,うかべる,  to float; to set afloat; to launch ,Ichidan
浮く,うく,  to float ,Godan
浴衣,ゆかた,  yukata,Noun
海水浴,かいすいよく,  swimming in the ocean; sea bathing; seawater bath,Noun
海洋,かいよう,  ocean  ,Noun
消化,しょうか,  digestion ,Noun
消極的,しょうきょくてき,  negative; half-hearted; passive,Naadjective
消毒,しょうどく,  disinfection; sterilization; sterilisation,Noun
消防署,しょうぼうしょ,  fire station,Noun
液体,えきたい,  liquid; fluid,Noun
涼む,すずむ,  to cool oneself; to cool off; to enjoy evening cool,Godan
淡水,たんすい,  fresh water  ,Noun
深まる,ふかまる,  to deepen; to heighten; to intensify,Godan
深夜,しんや,  late at night,Adverbial
混ざる,まざる,  to be mixed; to be blended with; to associate with,Godan
混じる,まじる,  to be mixed; to be blended with; to associate with,Godan
混ぜる,まぜる,  to mix; to stir; to blend ,Ichidan
こんくりいと,こんくりいと,  concrete  ,Noun
混合,こんごう,  mixing; mixture; meld ,Noun
清い,きよい,  clear; pure; noble  ,Iadjective
清掃,せいそう,  cleaning; clean-up; garbage collection,Noun
清書,せいしょ,  clean copy,Noun
渇く,かわく,  to be thirsty; to feel thirsty  ,Godan
すまない,すまない,  inexcusable; unjustifiable; unpardonable  ,Iadjective
温める,あたためる,  to warm; to heat ,Ichidan
温室,おんしつ,  greenhouse; hothouse; conservatory,Noun
温帯,おんたい,  temperate zone,Noun
温泉,おんせん,  spa; hot spring; onsen,Noun
測定,そくてい,  measurement,Noun
測量,そくりょう,  measurement; surveying,Noun
湧く,わく,  to well ; to gush forth ; to spring out,Godan
湯のみ,ゆのみ,  teacup  ,Noun
湯気,ゆげ,  steam; vapour; vapor,Noun
湿る,しめる,  to be wet; to become wet; to be damp,Godan
湿度,しつど,  level of humidity,Noun
湿気,しっけ,  moisture; humidity; dampness  ,Noun
満員,まんいん,  full house; no vacancy; sold out,Noun
満点,まんてん,  perfect score; full marks ,Noun
たまる,たまる,  to collect; to gather; to save,Godan
あふれる,あふれる,  to overflow; to brim over; to flood ,Ichidan
溶かす,とかす,  to melt; to dissolve ,Godan
溶く,とく,  to dissolve ; to scramble ; to melt ,Godan
溶ける,とける,  to melt; to thaw; to fuse,Ichidan
溶け込む,とけこむ,  to melt into; to merge into ,Godan
溶岩,ようがん,  lava  ,Noun
ずらす,ずらす,  to shift; to slide ; to move,Godan
ぬめる,ぬめる,  to be slippery; to be slimy  ,Godan
滝,たき,  waterfall ,Noun
漁師,りょうし,  fisherman ,Noun
漁業,ぎょぎょう,  fishing ,Noun
演劇,えんげき,  drama; theatre; theater,Noun
漢和,かんわ,  China and Japan ,Noun
ようやく,ようやく,  finally; at last  ,Adverb
潜る,もぐる,  to dive  ,Godan
潰す,つぶす,  to smash; to crush ,Godan
潰れる,つぶれる,  to be crushed; to be smashed; to be broken,Ichidan
澄む,すむ,  to clear ; to become transparent ,Godan
激増,げきぞう,  sudden increase,Noun
濁る,にごる,  to become muddy; to become cloudy; to get impure  ,Godan
濃度,のうど,  concentration; thickness; density  ,Noun
濡らす,ぬらす,  to wet; to soak; to dip ,Godan
瀬戸物,せともの,  earthenware; porcelain; china,Noun
やけど,やけど,  burn; scald  ,Noun
火口,かこう,  crater; caldera ,Noun
火山,かざん,  volcano,Noun
灯台,とうだい,  lighthouse ,Noun
灯油,とうゆ,  lamp oil; kerosene,Noun
灰色,はいいろ,  grey; gray; ashen,Noun
災難,さいなん,  calamity; misfortune; disaster,Noun
炊く,たく,  to cook  ,Godan
炊事,すいじ,  cooking; culinary arts,Noun
あぶる,あぶる,  to warm ; to dry  ,Godan
炭鉱,たんこう,  coal mine; coal pit ,Noun
点々,てんてん,  here and there; little by little; sporadically,Adverb
つく,つく,  to be lit ; to be lighted  ,Godan
つける,つける,  to turn on; to switch on; to light up ,Ichidan
点数,てんすう,  marks; points; score,Noun
なす,なす,  to build up; to establish  ,Godan
為替,かわせ,  money order; draft ,Noun
焚く,たく,  to burn; to kindle; to build a fire  ,Godan
無地,むじ,  plain; unfigured,Noun
無数,むすう,  countless number; infinite number; innumerable,Noun
無沙汰,ぶさた,  not writing or contacting for a while; neglecting to write ; failing to write ,Noun
無限,むげん,  infinity; infinitude; eternity  ,Noun
焦がす,こがす,  to burn; to scorch; to singe,Godan
焦げる,こげる,  to burn; to be burned  こげる: ichi1; news2,Ichidan
れんが,れんが,  brick  ,Noun
煎る,いる,  to parch; to fry; to fire,Godan
煙い,けむい,  smoky ,Iadjective
煙突,えんとつ,  chimney; smokestack; funnel ,Noun
照らす,てらす,  to shine on; to illuminate ,Godan
照る,てる,  to shine ,Godan
煮える,にえる,  to be boiled; to be cooked,Ichidan
煮る,にる,  to boil; to simmer; to stew,Ichidan
熟語,じゅくご,  kanji compound  ,Noun
熱する,ねっする,  to heat; to heat up,Suru
爪,つめ,  nail ; claw; talon,Noun
父母,ふぼ,  father and mother; parents ,Noun
さわやか,さわやか,  fresh; refreshing; invigorating  ,Naadjective
片付く,かたづく,  to be put in order; to be put to rights ,Godan
かたかな,かたかな,  katakana; angular Japanese syllabary used primarily for loanwords  ,Noun
片道,かたみち,  one-way,Noun
牧場,ぼくじょう,  farm ; ranch ; station  ,Noun
牧畜,ぼくちく,  stock-farming,Noun
ものすごい,ものすごい,  earth-shattering; staggering; to a very great extent  ,Iadjective
物指,ものさし,  ruler; measure ,Noun
物置,ものおき,  storage room; storeroom; lumber room ,Noun
物騒,ぶっそう,  dangerous; unsettled; troubled,Naadjective
特売,とくばい,  special sale,Noun
特定,とくてい,  specific; particular; designated,Noadjective
特殊,とくしゅ,  special; particular; peculiar,Naadjective
特色,とくしょく,  characteristic; feature; idiosyncrasy,Noun
特長,とくちょう,  forte; merit,Noun
狙い,ねらい,  aim  ねらい: ichi1; news1; nf0,Noun
狙う,ねらう,  to aim at,Godan
ずるい,ずるい,  sly; cunning; dishonest,Iadjective
ひとりでに,ひとりでに,  by itself; automatically; naturally  ,Adverb
独り言,ひとりごと,  soliloquy; monologue; speaking to oneself ,Noun
率直,そっちょく,  frankness; candour; candor,Naadjective
王女,おうじょ,  princess ,Noun
現に,げんに,  actually; really,Adverb
琴,こと,  koto  ,Noun
瓦,かわら,  roof tile,Noun
瓶詰め,びんづめ,  bottling; bottled ,Noun
甘やかす,あまやかす,  to pamper; to spoil,Godan
甚だしい,はなはだしい,  extreme; excessive; terrible,Iadjective
生える,はえる,  to grow; to spring up; to sprout ,Ichidan
生き生き,いきいき,  vividly; lively ,Adverb
生け花,いけばな,  flower arrangement ,Noun
生ずる,しょうずる,Ichidan verb - zuru verb ; intransitive verb  to produce; to yield,Ichidan
なる,なる,  to bear fruit ,Godan
生存,せいぞん,  existence; being; survival  ,Noun
生年月日,せいねんがっぴ,  birth date; date of birth; DOB,Noun
生意気,なまいき,  impertinent; saucy; cheeky,Naadjective
生長,せいちょう,  growth; increment,Noun
産地,さんち,  producing area,Noun
用語,ようご,  term; terminology ,Noun
用途,ようと,  use; usefulness; utility,Noun
田んぼ,たんぼ,  paddy field; farm ,Noun
田植え,たうえ,  rice planting ,Noun
申し訳ない,もうしわけない,  I'm sorry;  inexcusable; I feel regretful,Expression
かしこまりました,かしこまりました,  certainly!かしこまりました: ichi 畏まりました: ichi,Expression
略す,りゃくす,  to abbreviate; to omit  ,Godan
番地,ばんち,  house number; address,Noun
たたむ,たたむ,  to fold,Godan
とっくに,とっくに,  long ago; already; a long time ago ,Adverb
かゆい,かゆい,  itchy; itching  ,Iadjective
しびれる,しびれる,  to become numb; to go to sleep,Ichidan
発売,はつばい,  sale; offering for sale; release ,Noun
発射,はっしゃ,  firing; shooting; discharge,Noun
発想,はっそう,  idea; conception; way of thinking  ,Noun
発揮,はっき,  exhibition; demonstration; show,Noun
ばね,ばね,  spring ; mainspring; power spring  ,Noun
発電,はつでん,  generation,Noun
登場,とうじょう,  entry ; appearance,Noun
白髪,しらが,  white hair; grey hair; gray hair ,Noun
百科事典,ひゃっかじてん,  encyclopedia; encyclopaedia ,Noun
的確,てきかく,  precise; accurate; appropriate,Naadjective
皮肉,ひにく,  cynicism; sarcasm; irony,Naadjective
皮膚,ひふ,  skin ,Noun
盆地,ぼんち,  basin ,Noun
盗難,とうなん,  theft; robbery,Noun
盛る,もる,  to serve ; to dish out ,Godan
目上,めうえ,  superior; superiors; senior ,Noun
目下,めした,  subordinate; subordinates; inferior,Noun
目印,めじるし,  mark; sign; landmark,Noun
目安,めやす,  criterion; standard; yardstick,Noun
目指す,めざす,  to aim at; to have an eye on ,Godan
目次,もくじ,  table of contents,Noun
めまい,めまい,  dizziness; giddiness; vertigo  ,Noun
目立つ,めだつ,  to be conspicuous; to stand out ,Godan
めちゃくちゃ,めちゃくちゃ,  absurd; unreasonable; nonsensical,Naadjective
目覚まし,めざまし,  alarm clock  ,Noun
直径,ちょっけい,  diameter ,Noun
直後,ちょくご,  immediately following,Adverbial
直流,ちょくりゅう,  direct current; DC  ちょくりゅう: news2; nf40. 直流: news2,Noun
直線,ちょくせん,  straight line,Noun
直角,ちょっかく,  right angle; perpendicular,Noun
直通,ちょくつう,  direct line; direct communication; connecting directly,Noun
相互,そうご,  mutual; reciprocal  ,Noun
相変わらず,あいかわらず,  as ever; as usual; the same,Adverb
相撲,すもう,  sumo wrestling  ,Noun
相違,そうい,  difference; discrepancy; variation ,Noun
省略,しょうりゃく,  omission; abbreviation; abridgment,Noun
看板,かんばん,  signboard; sign; billboard,Noun
看病,かんびょう,  nursing ,Noun
県庁,けんちょう,  prefectural office  ,Noun
真っ先,まっさき,  the head; the foremost; beginning,Noun
真っ暗,まっくら,  total darkness; pitch dark ,Naadjective
真っ白,まっしろ,  pure white ,Naadjective
真っ青,まっさお,  deep blue; bright blue ,Naadjective
真っ黒,まっくろ,  pitch black ,Naadjective
真似る,まねる,  to mimic; to imitate,Ichidan
真空,しんくう,  vacuum; hollow; empty,Naadjective
眩しい,まぶしい,  dazzling; radiant ,Iadjective
着々,ちゃくちゃく,  steadily ,Adverb
着せる,きせる,  to put clothes on  ,Ichidan
着替え,きがえ,  changing clothes; change of clothes,Noun
にらむ,にらむ,  to glare at; to scowl at; to glower at  ,Godan
瞳,ひとみ,  pupil,Noun
まぶた,まぶた,  eyelid; eyelids  ,Noun
矛盾,むじゅん,  contradiction; inconsistency,Noun
やっぱり,やっぱり,  too; also; likewise,Adverb
矢印,やじるし,  arrow ; directional marker or indicator ,Noun
知り合い,しりあい,  acquaintance ,Noun
知人,ちじん,  friend; acquaintance,Noun
短所,たんしょ,  defect; demerit; weak point,Noun
短期,たんき,  short-term ,Noadjective
短編,たんぺん,  short  ,Noun
研修,けんしゅう,  training ; induction course,Noun
砕く,くだく,  to break; to smash ,Godan
砕ける,くだける,  to break ; to be broken; to be smashed ,Ichidan
破く,やぶく,  to tear; to violate; to defeat,Godan
破れる,やぶれる,  to get torn; to tear; to rip,Ichidan
破片,はへん,  fragment; splinter; broken piece,Noun
碁,ご,  go  ,Noun
碗,わん,  bowl  ,Noun
確率,かくりつ,  probability; likelihood; chances,Noun
磁石,じしゃく,  magnet ,Noun
社会科学,しゃかいかがく,  social science,Noun
社説,しゃせつ,  editorial; leading article,Noun
祖先,そせん,  ancestor,Noun
祝日,しゅくじつ,  national holiday; public holiday,Noun
神様,かみさま,  God ,Noun
神話,しんわ,  myth; legend,Noun
祭る,まつる,  to deify; to enshrine ,Godan
祭日,さいじつ,  national holiday; festival day,Noun
私立,しりつ,  private,Noun
私鉄,してつ,  private railway,Noun
秤,はかり,  scales; weighing machine,Noun
移転,いてん,  moving; relocation; transfer,Noun
まれ,まれ,  rare; seldom  ,Naadjective
税関,ぜいかん,  customs; customs house,Noun
稽古,けいこ,  practice; practising; training,Noun
積む,つむ,  to pile up; to stack ,Godan
空っぽ,からっぽ,  empty; vacant; hollow,Noadjective
空中,くうちゅう,  sky; air,Noun
空想,くうそう,  daydream; fantasy; fancy,Noun
突き当たり,つきあたり,  end  ,Noun
突き当たる,つきあたる,  to run into; to collide with; to crash into,Godan
突く,つく,  to prick; to stab ,Godan
突っ込む,つっこむ,  to thrust  into ; to cram; to stuff,Godan
立ち止まる,たちどまる,  to stop; to halt; to stand still ,Godan
童話,どうわ,  fairy-tale,Noun
競馬,けいば,  horse racing,Noun
竹,たけ,  bamboo ,Noun
符号,ふごう,  sign; mark; symbol,Noun
筆記,ひっき,   notes; copying,Noun
等分,とうぶん,  division into equal parts,Noun
ほうき,ほうき,  broom  ,Noun
算数,さんすう,  arithmetic,Noun
そろばん,そろばん,  abacus  ,Noun
たんす,たんす,  chest of drawers; bureau; cabinet,Noun
粒,つぶ,  grain; bead; drop,Noun
あらすじ,あらすじ,  outline; summary; argument  ,Noun
系統,けいとう,  system ,Noun
紅葉,こうよう,  autumn colours; fall colors; leaves changing color  ,Noun
純情,じゅんじょう,  pure heart; naivete; innocence,Noun
純粋,じゅんすい,  pure; true; genuine,Naadjective
紙屑,かみくず,  wastepaper; paper scraps; paper waste ,Noun
紙幣,しへい,  paper money; note; bill,Noun
素直,すなお,  obedient; meek; docile,Naadjective
素質,そしつ,  character; qualities; genius,Noun
索引,さくいん,  index; indices; indexes,Noun
むらさき,むらさき,  purple; violet ,Noun
紺,こん,  navy blue; deep blue,Noun
終了,しゅうりょう,  end; close; termination,Noun
終点,しゅうてん,  terminus; last stop ,Noun
経度,けいど,  longitude,Noun
絞る,しぼる,  to wring ; to squeeze  ,Godan
給与,きゅうよ,  pay; salary; wages,Noun
じゅうたん,じゅうたん,  carpet; rug; runner  ,Noun
統一,とういつ,  unity; consolidation; uniformity,Noun
統計,とうけい,  statistics,Noun
絵の具,えのぐ,  paint; coloring materials; colors,Noun
絶えず,たえず,  constantly; always; continually,Adverb
継続,けいぞく,  continuation,Noun
続々,ぞくぞく,  successively; one after another ,Adverbial
綱,つな,  rope ,Noun
総理大臣,そうりだいじん,  prime minister ; premier ,Noun
線路,せんろ,  railway track; railway line; railroad,Noun
締め切り,しめきり,  deadline; closing; cut-off,Noun
締め切る,しめきる,  to close up; to shut up  ,Godan
編み物,あみもの,  knitting; knitted material; crochet ,Noun
編む,あむ,  to knit; to plait; to braid ,Godan
編集,へんしゅう,  editing; compilation; editorial  ,Noun
緩い,ゆるい,  loose ,Iadjective
緯度,いど,  latitude ,Noun
縛る,しばる,  to tie; to bind,Godan
縞,しま,  stripe; bar; streak ,Noun
縫う,ぬう,  to sew; to stitch ,Godan
縮む,ちぢむ,  to shrink; to contract; to diminish  ,Godan
縮める,ちぢめる,  to shorten; to reduce; to condense,Ichidan
縮れる,ちぢれる,  to be wavy; to be curled; to be frizzled  ちぢれる: ichi 縮れる: ichi,Ichidan
縮小,しゅくしょう,  reduction; curtailment  しゅくしょう: ichi1; news1,Noun
つながり,つながり,  connection; link; relationship ,Noun
つながる,つながる,  to be tied together; to be connected to; to be linked to  ,Godan
つなげる,つなげる,  to tie; to fasten; to connect,Ichidan
まとまる,まとまる,  to be collected; to be settled; to be in order ,Godan
まとめる,まとめる,  to collect; to put  together; to integrate,Ichidan
缶詰,かんづめ,  packing ; canning; canned goods,Noun
羊毛,ようもう,  wool,Noun
美容,びよう,  beauty of figure or form,Noun
群れ,むれ,  group; crowd; flock,Noun
うらやましい,うらやましい,  envious ; jealous  ,Iadjective
羨む,うらやむ,  to envy,Godan
習字,しゅうじ,  penmanship  しゅうじ: news2; nf28; spec,Noun
耐える,たえる,  to bear; to stand; to endure,Ichidan
耕す,たがやす,  to till; to plow; to plough,Godan
耕地,こうち,  arable land  こうち: news2; nf26; spec,Noun
職人,しょくにん,  worker; mechanic; artisan,Noun
肌着,はだぎ,  underwear; underclothes; lingerie,Noun
肘,ひじ,  elbow ,Noun
育児,いくじ,  childcare; nursing; upbringing,Noun
背負う,せおう,  to carry on one's back ,Godan
こしょう,こしょう,  pepper  ,Noun
能率,のうりつ,  efficiency ,Noun
脂,あぶら,  fat; tallow; lard,Noun
脅かす,おどかす,  to threaten; to menace  ,Godan
脱線,だっせん,  derailment ,Noun
腰掛け,こしかけ,  seat; bench ,Noun
腰掛ける,こしかける,  to sit  ,Ichidan
膨らむ,ふくらむ,  to expand; to swell ; to get big,Godan
へそ,へそ,  navel; belly button  ,Noun
自治,じち,  self-government; autonomy  ,Noun
自然科学,しぜんかがく,  natural science,Noun
自習,じしゅう,  self-study; teaching oneself ,Noun
自衛,じえい,  self-defense; self-defence  じえい: ichi1; news1,Noun
至急,しきゅう,  urgent; pressing,Adverb
船便,ふなびん,  surface mail ; sea mail ,Noun
艶,つや,  gloss; glaze ,Noun
芯,しん,  wick; marrow; staple ,Noun
花嫁,はなよめ,  bride ,Noun
花火,はなび,  fireworks ,Noun
芸能,げいのう,  public entertainment; performing arts ,Noun
若々しい,わかわかしい,  youthful; young ,Iadjective
もしかしたら,もしかしたら,  perhaps; maybe; perchance,Expression
もしかすると,もしかすると,  perhaps; maybe; by some chance ,Expression
苦心,くしん,  pain; trouble; anxiety,Noun
苦情,くじょう,  complaint; troubles; objection,Noun
英和,えいわ,  English-Japaneseえいわ: ichi1; news1; nf19. 英和: ichi1,Noun
英文,えいぶん,  sentence in English; article in English; English text ,Noun
茂る,しげる,  to grow thickly; to be in full leaf; to be rampant,Godan
茶色い,ちゃいろい,  light brown; tawny,Iadjective
茹でる,ゆでる,  to boil,Ichidan
草履,ぞうり,  zori; Japanese sandals ,Noun
くたびれる,くたびれる,  to get tired; to be exhausted  ,Ichidan
荒い,あらい,  rough; rude; wild,Iadjective
しぼむ,しぼむ,  to wither ; to sag ; to fade ,Godan
落ち着く,おちつく,  to calm down; to compose oneself; to regain presence of mind ,Godan
落とし物,おとしもの,  lost property; something dropped and left behind ,Noun
落第,らくだい,  failure; dropping out of a class,Noun
著す,あらわす,  to write; to publish ,Godan
葬式,そうしき,  funeral,Noun
蒔く,まく,  to sow; to plant; to seed ,Godan
蒸し暑い,むしあつい,  humid; sultry ,Iadjective
蒸す,むす,  to steam ,Godan
蒸気,じょうき,  steam; vapour; vapor ,Noun
蒸発,じょうはつ,  evaporation ,Noun
蓄える,たくわえる,  to store; to lay in stock ,Ichidan
ふた,ふた,  cover; lid; cap  ,Noun
そば,そば,  buckwheat,Noun
薄める,うすめる,  to dilute; to water down,Ichidan
薄暗い,うすぐらい,  dim; gloomy,Iadjective
薬品,やくひん,  medicine; chemicals,Noun
薬局,やっきょく,  pharmacy; chemist ; drugstore,Noun
薬指,くすりゆび,  ring finger; fourth finger ,Noun
やかん,やかん,  kettle  ,Noun
虹,にじ,  rainbow ,Noun
蚊,か,  mosquito,Noun
蛇口,じゃぐち,  faucet; tap  ,Noun
蛍光灯,けいこうとう,  fluorescent lamp; fluorescent light ,Noun
ろうそく,ろうそく,  candle  ,Noun
ねじ,ねじ,  screw  ,Noun
血圧,けつあつ,  blood pressure,Noun
血液,けつえき,  blood,Noun
いきなり,いきなり,  abruptly; suddenly; all of a sudden,Adverb
行ってまいります,いってまいります,  good bye; I'm off; see you later ,Expression
いってらっしゃい,いってらっしゃい, have a good day; take care; see you ,
行事,ぎょうじ,  event; function,Noun
行列,ぎょうれつ,  line; queue; procession,Noun
街角,まちかど,  street corner ,Noun
衣食住,いしょくじゅう,  necessities of life ,Noun
表紙,ひょうし,  front cover; binding;  cover  ,Noun
かぶせる,かぶせる,  to cover ; to put on ; to plate something ,Ichidan
裁縫,さいほう,  sewing,Noun
裂く,さく,  to tear; to rip up  ,Godan
裏口,うらぐち,  backdoor; rear entrance,Noun
裏返す,うらがえす,  to turn inside out; to turn the other way; to turn  over,Godan
補う,おぎなう,  to compensate for; to supplement  おぎなう: ichi1; news2,Godan
製作,せいさく,  manufacture; production,Noun
複写,ふくしゃ,  copy; duplicate,Noun
複数,ふくすう,  several; plural; plurality,Noun
襖,ふすま,  fusuma; Japanese sliding screen  ふすま: ichi1; news2,Noun
ぼろ,ぼろ,  rag; scrap; tattered clothes  ,Noun
西暦,せいれき,  Christian Era; CE; anno domini,Noun
要旨,ようし,  point; essentials; gist,Noun
要領,ようりょう,  point; gist; essentials,Noun
見かけ,みかけ,  outward appearance  ,Noun
みっともない,みっともない,  shameful; disgraceful; indecent,Iadjective
見下ろす,みおろす,  to overlook; to command a view of; to look down on ,Godan
見出し,みだし,  heading; headline; title,Noun
見学,けんがく,  inspection; study by observation; field trip,Noun
見慣れる,みなれる,  to become used to seeing; to be familiar with ,Ichidan
見本,みほん,  sample; specimen; pattern ,Noun
見直す,みなおす,  to look again ,Godan
見舞う,みまう,  to ask after ; to visit ,Godan
見送る,みおくる,  to see someone off ; to escort  ,Godan
規律,きりつ,  order; observance; discipline ,Noun
覗く,のぞく,  to peek  ,Godan
親指,おやゆび,  thumb,Noun
親類,しんるい,  relation; kin,Noun
観念,かんねん,  idea; notion; conception ,Noun
観測,かんそく,  observation; survey; measurement,Noun
角度,かくど,  angle,Noun
ほどく,ほどく,  to unfasten; to untie; to unwrap  ,Godan
解放,かいほう,  release; unleashing; liberation,Noun
解散,かいさん,  breakup; dissolution,Noun
解答,かいとう,  answer; solution,Noun
解説,かいせつ,  explanation; commentary; exposition,Noun
言いつける,いいつける,  to tell ; to order; to charge,Ichidan
言い出す,いいだす,  to start talking; to speak; to tell,Godan
言付ける,ことづける,  to send word; to send a message ,Ichidan
言葉遣い,ことばづかい,  speech; expression; wording,Noun
記号,きごう,  symbol; code; sign,Noun
訳す,やくす,  to translate; to interpret ,Godan
診る,みる,  to examine ,Ichidan
診断,しんだん,  diagnosis; medical examination,Noun
詫びる,わびる,  to apologize; to apologise ,Ichidan
詰まる,つまる,  to be packed ; to be full  ,Godan
話しかける,はなしかける,  to address ; to accost a person; to talk  ,Ichidan
話し中,はなしちゅう,  busy  ,Noadjective
話し合い,はなしあい,  discussion; conference ,Noun
誓う,ちかう,  to swear; to vow; to take an oath,Godan
課程,かてい,  course; curriculum,Noun
課税,かぜい,  taxation,Noun
調味料,ちょうみりょう,  flavoring ; seasoning,Noun
調整,ちょうせい,  adjustment; regulation; coordination,Noun
調節,ちょうせつ,  regulation; adjustment; control,Noun
くどい,くどい,  verbose; importunate; wordy,Iadjective
請う,こう,Godan verb with u ending ; Transitive verb  to beg; to ask,Godan
論ずる,ろんずる,Ichidan verb - zuru verb ; Transitive verb  to discuss; to talk about,Ichidan
なぞなぞ,なぞなぞ,  riddle; puzzle; enigma  ,Noun
謙虚,けんきょ,  modesty; humility,Naadjective
謙遜,けんそん,  modesty; humility; being humble ,Noun
講師,こうし,  lecturer  こうし: ichi1; news1; nf03. 講師: ichi1,Noun
警備,けいび,  defense; defence; guard,Noun
ゴム,ゴム,  gum; rubber  ,Noun
貝,かい,  shell; shellfish,Noun
貯蔵,ちょぞう,  storage; preservation,Noun
貸し出し,かしだし,  lending; loaning ,Noun
貸家,かしや,  house for rent ,Noun
賞品,しょうひん,  prize; trophy,Noun
賞金,しょうきん,  prize; monetary award,Noun
赤道,せきどう,  equator,Noun
起床,きしょう,  rising; getting out of bed,Noun
超過,ちょうか,  excess; being more than,Noun
足る,たる,  to be sufficient; to be enough; to be worthy of,Godan
足袋,たび,  tabi; Japanese socks  ,Noun
足跡,あしあと,  footprints ,Noun
またぐ,またぐ,  to step over; to step across; to stride over,Godan
跳ねる,はねる,  to jump; to leap; to prance,Ichidan
踏切,ふみきり,  railway crossing; railroad crossing; train crossing,Noun
蹴る,ける,  to kick  ,Godan
ためらう,ためらう,  to hesitate ,Godan
つまずく,つまずく,  to stumble; to trip  ,Godan
身分,みぶん,  social position; social status,Noun
車庫,しゃこ,  garage; carport; depot  ,Noun
車掌,しゃしょう,   conductor,Noun
車輪,しゃりん,   wheel,Noun
転々,てんてん,  moving from place to place; being passed around repeatedly ,Adverb
転がす,ころがす,  to roll ,Godan
転がる,ころがる,  to roll; to tumble ,Godan
載る,のる,  to be placed on; to be set on; to be piled on,Godan
輸血,ゆけつ,  blood transfusion,Noun
輸送,ゆそう,  transport; transportation,Noun
農村,のうそん,  agricultural community; farm village  ,Noun
農産物,のうさんぶつ,  agricultural produce,Noun
農薬,のうやく,  agricultural chemical ; agrochemical; agrichemical,Noun
近々,ちかぢか,  soon; nearness; before long ,Adverbial
近づける,ちかづける,  to bring near; to put close; to let come near,Ichidan
近寄る,ちかよる,  to approach; to draw near ,Godan
返る,かえる,  to return; to come back; to go back  ,Godan
迫る,せまる,  to approach; to draw near; to be imminent  ,Godan
述語,じゅつご,  predicate ,Noun
迷信,めいしん,  superstition; superstitious belief,Noun
追いかける,おいかける,  to chase; to run after; to pursue  ,Ichidan
追い越す,おいこす,  to pass ; to overtake  ,Godan
追加,ついか,  addition; supplement; append ,Noun
どく,どく,  to step aside; to move ; to make way  ,Godan
のける,のける,  to put something out of the way; to move  aside ,Ichidan
送り仮名,おくりがな,  kana written after a kanji to complete the full  reading of the word ; declensional kana ending ,Noun
送別,そうべつ,  farewell; send-off,Noun
逃がす,にがす,  to set free; to let go; to release ,Godan
逆さま,さかさま,  inverted; upside down ,Naadjective
透き通る,すきとおる,  to be transparent; to be see-through ,Godan
這う,はう,  to creep; to crawl  ,Godan
通ずる,つうずる,Ichidan verb - zuru verb ; intransitive verb  to be open ; to lead to,Ichidan
通りかかる,とおりかかる,  to happen to pass by ,Godan
通勤,つうきん,  commuting to work,Noun
通帳,つうちょう,  passbook; bankbook  つうちょう: ichi1; news1,Noun
通用,つうよう,  popular use; circulation  ,Noun
通知,つうち,  notice; notification; report,Noun
通訳,つうやく,  interpretation ; interpreter,Noun
通貨,つうか,  currency,Noun
通路,つうろ,  passage; pathway; roadway,Noun
速力,そくりょく,  speed,Noun
速達,そくたつ,  express; special delivery,Noun
連合,れんごう,  union; alliance; combination  ,Noun
それる,それる,  to turn away; to bear off; to veer away,Ichidan
遊園地,ゆうえんち,  amusement park  ,Noun
運河,うんが,  canal; waterway  ,Noun
過剰,かじょう,  excess; surplus; over-,Naadjective
過半数,かはんすう,  majority,Noun
過失,かしつ,  error; blunder; accident ,Noun
過程,かてい,  process; course; mechanism,Noun
遠足,えんそく,  excursion; outing; trip  えんそく: ichi1,Noun
さかのぼる,さかのぼる,  to go upstream  ,Godan
やっつける,やっつける,  to beat; to attack ; to do away with,Ichidan
郡,ぐん,  district; county  ,Noun
部品,ぶひん,  parts; accessories; components,Noun
部首,ぶしゅ,  radical ,Noun
郵送,ゆうそう,  mailing,Noun
都心,としん,  city centre  ; urban centre; heart of city a metropolis,Noun
酌む,くむ,  to serve sake,Godan
配る,くばる,  to distribute; to deliver; to deal  ,Godan
酒場,さかば,  bar; pub; tavern,Noun
酔っ払い,よっぱらい,  drunkard ,Noun
酢,す,  vinegar ,Noun
酸っぱい,すっぱい,  sour; acid  すっぱい: ichi1; news2,Iadjective
酸性,さんせい,  acidity,Noun
醜い,みにくい,  ugly; unattractive ,Iadjective
重たい,おもたい,  heavy; massive; serious,Iadjective
重なる,かさなる,  to be piled up; to lie on top of one another ,Godan
重ねる,かさねる,  to pile up; to put something on top of another; to stack up ,Ichidan
重力,じゅうりょく,  gravity; gravitation; gravitational pull ,Noun
重役,じゅうやく,  company director; top management; high executive,Noun
重点,じゅうてん,  important point; emphasis; stress,Noun
重量,じゅうりょう,  weight ,Noun
金魚,きんぎょ,  goldfish,Noun
釘,くぎ,  nail ,Noun
釜,かま,  iron pot; kettle,Noun
針路,しんろ,  course; direction; compass bearing,Noun
針金,はりがね,  wire,Noun
釣り合う,つりあう,  to balance; to be in harmony; to be in equilibrium ,Godan
鈍い,にぶい,  dull ; blunt  ,Iadjective
鉄橋,てっきょう,  railway bridge; iron bridge,Noun
鉄砲,てっぽう,  gun ,Noun
鉢,はち,  bowl; pot; basin ,Noun
鉱物,こうぶつ,  mineral  こうぶつ: ichi1; news1; nf19. 鉱物: ichi1,Noun
銅,どう,  copper  ,Noun
めいめい,めいめい,  each; individual  ,Adverbial
のこぎり,のこぎり,  saw  ,Noun
錆,さび,  rust ,Noun
錆びる,さびる,  to rust; to become rusty  さびる: ichi 錆びる: ichi,Ichidan
録音,ろくおん,   recording ,Noun
鐘,かね,  bell ; chime ,Noun
鑑賞,かんしょう,  appreciation ; aesthetic sense,Noun
長引く,ながびく,  to be prolonged; to drag on ,Godan
長所,ちょうしょ,  strong point; merit; virtue,Noun
長方形,ちょうほうけい,  rectangle; oblong,Noun
長男,ちょうなん,  eldest son ; first-born son,Noun
長短,ちょうたん,  length ,Noun
開会,かいかい,  opening of a meeting,Noun
開放,かいほう,  open; throw open; liberalization,Noun
まもなく,まもなく,  soon; before long; in a short time  ,Adverb
間接,かんせつ,  indirection; indirectnessかんせつ: ichi1; news1,Noun
間隔,かんかく,  space; interval; SPC,Noun
関わる,かかわる,  to be affected; to be influenced ,Godan
関東,かんとう,  Kanto; region consisting of Tokyo and surrounding prefectures ,Noun
関西,かんさい,  Kansai; region consisting of Osaka; Kobe,Noun
防止,ぼうし,  prevention; check,Noun
防犯,ぼうはん,  prevention of crime,Noun
限度,げんど,  limit; bounds,Noun
険しい,けわしい,  precipitous; rugged; inaccessible,Iadjective
随筆,ずいひつ,  essays; miscellaneous writings; literary jottings ,Noun
隔てる,へだてる,  to separate ; to isolate; to partition,Ichidan
隙間,すきま,  crevice; crack; gap,Noun
障子,しょうじ,  shoji ,Noun
集会,しゅうかい,  meeting; assembly; gathering,Noun
集合,しゅうごう,  gathering; assembly; meeting ,Noun
集金,しゅうきん,  money collection  しゅうきん: news1; nf17. 集金: news1; nf17.,Noun
雑巾,ぞうきん,  house-cloth; dust cloth ,Noun
雑音,ざつおん,  noise  ,Noun
雨戸,あまど,  sliding storm shutter,Noun
こぼす,こぼす,  to spill; to drop; to shed,Godan
こぼれる,こぼれる,  to spill; to fall out of; to overflow  ,Ichidan
零点,れいてん,  zero; no marks ,Noun
電力,でんりょく,  electric power,Noun
電柱,でんちゅう,  utility pole; power pole; telephone pole,Noun
電池,でんち,  battery; cell,Noun
電波,でんぱ,  electromagnetic wave; radio wave; reception,Noun
電流,でんりゅう,  electric current,Noun
電球,でんきゅう,  light bulb ,Noun
青少年,せいしょうねん,  youth; young person,Noun
青白い,あおじろい,  pale; pallid ,Iadjective
静まる,しずまる,  to quieten down; to calm down; to subside,Godan
めんどくさい,めんどくさい,  bothersome; tiresome; bother to do  ,Iadjective
面接,めんせつ,  interview ,Noun
面積,めんせき,  square measure; size ; area,Noun
響き,ひびき,  echo; reverberation ,Noun
響く,ひびく,  to resound; to be heard far away ,Godan
頂点,ちょうてん,  top; summit  ,Noun
項目,こうもく,   item; entry,Noun
順々,じゅんじゅん,  in order; in turn ,Adverb
順序,じゅんじょ,  order; sequence; procedure,Noun
預かる,あずかる,  to look after; to take care of; to keep,Godan
領事,りょうじ,  consul,Noun
領収,りょうしゅう,  receipt; voucher  ,Noun
頭脳,ずのう,  head; brains ,Noun
頼もしい,たのもしい,  reliable; trustworthy ,Iadjective
顕微鏡,けんびきょう,  microscope,Noun
風呂敷,ふろしき,  wrapping cloth; cloth wrapper,Noun
風船,ふうせん,  balloon  ,Noun
飛び込む,とびこむ,  to jump in; to leap in; to plunge into,Godan
食器,しょっき,  tableware,Noun
食塩,しょくえん,  table salt,Noun
飢える,うえる,  to starve; to thirst; to be hungry ,Ichidan
飢饉,ききん,  famine; drought; shortage,Noun
あくまで,あくまで,  to the end; to the bitter end; to the last,Adverb
養分,ようぶん,  nourishment; nutrient,Noun
うどん,うどん,  udon; thick Japanese wheat noodles  ,Noun
香水,こうすい,  perfume,Noun
騒々しい,そうぞうしい,  noisy; boisterous ,Iadjective
騒がしい,さわがしい,  noisy; boisterous ,Iadjective
騙す,だます,  to trick; to cheat; to deceive ,Godan
驚かす,おどろかす,  to surprise; to frighten; to create a stir,Godan
高める,たかめる,  to raise; to lift; to boost,Ichidan
高層,こうそう,  multistory; multistoried; high-rise,Noadjective
高度,こうど,  altitude; height; elevation  ,Naadjective
高等,こうとう,  high class; high grade,Naadjective
高級,こうきゅう,  high class; high grade ,Naadjective
鳴らす,ならす,  to ring; to sound; to chime,Godan
ふもと,ふもと,  foot ; bottom; base,Noun
かじる,かじる,  to gnaw; to nibble; to bite,Godan
